image	filtered_bytes	arm	bytes	median_us
1207_rgb8_64	9264	zen_png1	5450	8.16
1207_rgb8_64	9264	zen_png4	5445	21.56
1207_rgb8_64	9264	zen_png10	5352	91.04
1207_rgb8_64	9264	zen_png19	5221	398.36
1207_rgb8_64	9264	zen_png30	5212	972.43
1207_rgb8_64	9264	zen_e1	5416	26.48
1207_rgb8_64	9264	zen_e10	5420	48.63
1207_rgb8_64	9264	zen_e15	5353	72.16
1207_rgb8_64	9264	zen_e24	5221	366.81
1207_rgb8_64	9264	zen_e30	5212	940.45
1207_rgb8_64	9264	zen_ld1	5380	30.43
1207_rgb8_64	9264	zen_ld6	5353	73.67
1207_rgb8_64	9264	zen_ld12	5217	432.53
1207_rgb8_256	147648	zen_png1	69232	92.61
1207_rgb8_256	147648	zen_png4	66495	652.57
1207_rgb8_256	147648	zen_png10	64641	1800.55
1207_rgb8_256	147648	zen_png19	61031	13413.07
1207_rgb8_256	147648	zen_png30	60107	30005.69
1207_rgb8_256	147648	zen_e1	68231	470.36
1207_rgb8_256	147648	zen_e10	65098	1006.47
1207_rgb8_256	147648	zen_e15	63267	2487.43
1207_rgb8_256	147648	zen_e24	60212	13976.36
1207_rgb8_256	147648	zen_e30	60020	28395.80
1207_rgb8_256	147648	zen_ld1	67356	597.19
1207_rgb8_256	147648	zen_ld6	63508	1869.13
1207_rgb8_256	147648	zen_ld12	60067	22272.10
1207_rgb8_1024	2360064	zen_png1	1020103	1181.71
1207_rgb8_1024	2360064	zen_png4	913376	9719.60
1207_rgb8_1024	2360064	zen_png10	873722	25403.08
1207_rgb8_1024	2360064	zen_png19	806492	242988.87
1207_rgb8_1024	2360064	zen_png30	802711	505769.49
1207_rgb8_1024	2360064	zen_e1	956027	6861.57
1207_rgb8_1024	2360064	zen_e10	899784	13646.48
1207_rgb8_1024	2360064	zen_e15	856961	35602.91
1207_rgb8_1024	2360064	zen_e24	803821	257889.56
1207_rgb8_1024	2360064	zen_e30	801936	491187.54
1207_rgb8_1024	2360064	zen_ld1	926830	8686.36
1207_rgb8_1024	2360064	zen_ld6	864733	26176.01
1207_rgb8_1024	2360064	zen_ld12	802516	418054.54
1207_rgb8_2560	14747520	zen_png1	6634444	6476.83
1207_rgb8_2560	14747520	zen_png4	5346254	48279.54
1207_rgb8_2560	14747520	zen_png10	4994355	136252.07
1207_rgb8_2560	14747520	zen_png19	4548967	1367850.00
1207_rgb8_2560	14747520	zen_png30	4571840	3090130.34
1207_rgb8_2560	14747520	zen_e1	5614457	40200.08
1207_rgb8_2560	14747520	zen_e10	5214181	79902.42
1207_rgb8_2560	14747520	zen_e15	4926430	213905.68
1207_rgb8_2560	14747520	zen_e24	4584084	1540147.42
1207_rgb8_2560	14747520	zen_e30	4569980	3062704.94
1207_rgb8_2560	14747520	zen_ld1	5411096	50367.65
1207_rgb8_2560	14747520	zen_ld6	4972206	155942.42
1207_rgb8_2560	14747520	zen_ld12	4575566	2219560.20
5207_rgb8_64	12608	zen_png1	4330	10.26
5207_rgb8_64	12608	zen_png4	3805	34.56
5207_rgb8_64	12608	zen_png10	3607	88.29
5207_rgb8_64	12608	zen_png19	3427	838.85
5207_rgb8_64	12608	zen_png30	3364	2951.57
5207_rgb8_64	12608	zen_e1	3751	20.69
5207_rgb8_64	12608	zen_e10	3605	44.20
5207_rgb8_64	12608	zen_e15	3555	92.44
5207_rgb8_64	12608	zen_e24	3412	1169.89
5207_rgb8_64	12608	zen_e30	3364	2924.07
5207_rgb8_64	12608	zen_ld1	3702	25.72
5207_rgb8_64	12608	zen_ld6	3571	77.88
5207_rgb8_64	12608	zen_ld12	3358	2339.44
5207_rgb8_256	203008	zen_png1	40370	62.44
5207_rgb8_256	203008	zen_png4	31286	347.53
5207_rgb8_256	203008	zen_png10	27982	763.20
5207_rgb8_256	203008	zen_png19	26443	6876.04
5207_rgb8_256	203008	zen_png30	25376	56220.40
5207_rgb8_256	203008	zen_e1	28167	187.90
5207_rgb8_256	203008	zen_e10	28781	562.07
5207_rgb8_256	203008	zen_e15	26917	936.55
5207_rgb8_256	203008	zen_e24	25778	14544.87
5207_rgb8_256	203008	zen_e30	25339	62187.62
5207_rgb8_256	203008	zen_ld1	27828	288.70
5207_rgb8_256	203008	zen_ld6	27233	828.42
5207_rgb8_256	203008	zen_ld12	25398	49489.46
5207_rgb8_1024	3240960	zen_png1	343663	533.97
5207_rgb8_1024	3240960	zen_png4	264616	2538.92
5207_rgb8_1024	3240960	zen_png10	225872	8276.22
5207_rgb8_1024	3240960	zen_png19	216143	76823.17
5207_rgb8_1024	3240960	zen_png30	211505	541138.77
5207_rgb8_1024	3240960	zen_e1	229978	1839.14
5207_rgb8_1024	3240960	zen_e10	227738	5858.34
5207_rgb8_1024	3240960	zen_e15	223952	8160.24
5207_rgb8_1024	3240960	zen_e24	214330	134063.97
5207_rgb8_1024	3240960	zen_e30	212049	534093.05
5207_rgb8_1024	3240960	zen_ld1	226482	3406.16
5207_rgb8_1024	3240960	zen_ld6	224968	7671.58
5207_rgb8_1024	3240960	zen_ld12	212806	437912.41
5207_rgb8_2560	20257280	zen_png1	1139919	3560.86
5207_rgb8_2560	20257280	zen_png4	830914	10559.42
5207_rgb8_2560	20257280	zen_png10	728104	40553.60
5207_rgb8_2560	20257280	zen_png19	691503	387322.99
5207_rgb8_2560	20257280	zen_png30	675199	2216275.21
5207_rgb8_2560	20257280	zen_e1	735900	7690.53
5207_rgb8_2560	20257280	zen_e10	743307	29049.83
5207_rgb8_2560	20257280	zen_e15	733527	38032.94
5207_rgb8_2560	20257280	zen_e24	681875	650080.95
5207_rgb8_2560	20257280	zen_e30	674039	2209869.93
5207_rgb8_2560	20257280	zen_ld1	725712	17660.15
5207_rgb8_2560	20257280	zen_ld6	735788	36550.33
5207_rgb8_2560	20257280	zen_ld12	676040	1882522.98
8007_rgb8_64	1792	zen_png1	1362	3.68
8007_rgb8_64	1792	zen_png4	1040	8.86
8007_rgb8_64	1792	zen_png10	986	16.22
8007_rgb8_64	1792	zen_png19	972	101.28
8007_rgb8_64	1792	zen_png30	960	534.40
8007_rgb8_64	1792	zen_e1	1021	6.23
8007_rgb8_64	1792	zen_e10	1004	11.37
8007_rgb8_64	1792	zen_e15	991	12.54
8007_rgb8_64	1792	zen_e24	973	97.07
8007_rgb8_64	1792	zen_e30	960	522.94
8007_rgb8_64	1792	zen_ld1	1012	7.80
8007_rgb8_64	1792	zen_ld6	990	12.24
8007_rgb8_64	1792	zen_ld12	972	74.16
8007_rgb8_256	84736	zen_png1	17783	32.98
8007_rgb8_256	84736	zen_png4	14721	157.13
8007_rgb8_256	84736	zen_png10	11933	288.98
8007_rgb8_256	84736	zen_png19	11243	3415.00
8007_rgb8_256	84736	zen_png30	10711	33629.93
8007_rgb8_256	84736	zen_e1	14788	92.04
8007_rgb8_256	84736	zen_e10	12683	201.89
8007_rgb8_256	84736	zen_e15	11960	326.58
8007_rgb8_256	84736	zen_e24	11041	8579.14
8007_rgb8_256	84736	zen_e30	10755	32673.47
8007_rgb8_256	84736	zen_ld1	14517	141.87
8007_rgb8_256	84736	zen_ld6	11983	290.79
8007_rgb8_256	84736	zen_ld12	10790	27069.42
8007_rgb8_1024	1349632	zen_png1	129236	244.92
8007_rgb8_1024	1349632	zen_png4	107687	1206.99
8007_rgb8_1024	1349632	zen_png10	86182	3202.41
8007_rgb8_1024	1349632	zen_png19	80717	33939.57
8007_rgb8_1024	1349632	zen_png30	77451	284661.57
8007_rgb8_1024	1349632	zen_e1	110096	775.90
8007_rgb8_1024	1349632	zen_e10	91532	2145.87
8007_rgb8_1024	1349632	zen_e15	86606	3115.27
8007_rgb8_1024	1349632	zen_e24	79167	64061.92
8007_rgb8_1024	1349632	zen_e30	77431	279183.61
8007_rgb8_1024	1349632	zen_ld1	108368	1477.17
8007_rgb8_1024	1349632	zen_ld6	87028	2886.67
8007_rgb8_1024	1349632	zen_ld12	77673	240805.00
8007_rgb8_2560	8167320	zen_png1	357350	1080.88
8007_rgb8_2560	8167320	zen_png4	249984	3888.43
8007_rgb8_2560	8167320	zen_png10	218790	13954.75
8007_rgb8_2560	8167320	zen_png19	205159	145694.65
8007_rgb8_2560	8167320	zen_png30	194541	972955.34
8007_rgb8_2560	8167320	zen_e1	255711	2614.88
8007_rgb8_2560	8167320	zen_e10	229837	9575.49
8007_rgb8_2560	8167320	zen_e15	219181	12323.26
8007_rgb8_2560	8167320	zen_e24	200485	262679.16
8007_rgb8_2560	8167320	zen_e30	194242	951201.19
8007_rgb8_2560	8167320	zen_ld1	251536	6518.11
8007_rgb8_2560	8167320	zen_ld6	219791	11923.30
8007_rgb8_2560	8167320	zen_ld12	194664	860887.90
8107_rgb8_64	7720	zen_png1	2742	5.54
8107_rgb8_64	7720	zen_png4	2537	17.75
8107_rgb8_64	7720	zen_png10	2353	36.78
8107_rgb8_64	7720	zen_png19	2318	480.79
8107_rgb8_64	7720	zen_png30	2265	1956.06
8107_rgb8_64	7720	zen_e1	2573	12.07
8107_rgb8_64	7720	zen_e10	2422	23.27
8107_rgb8_64	7720	zen_e15	2342	32.94
8107_rgb8_64	7720	zen_e24	2278	731.98
8107_rgb8_64	7720	zen_e30	2265	1938.84
8107_rgb8_64	7720	zen_ld1	2533	15.62
8107_rgb8_64	7720	zen_ld6	2342	29.36
8107_rgb8_64	7720	zen_ld12	2272	1455.52
8107_rgb8_256	123040	zen_png1	26178	38.08
8107_rgb8_256	123040	zen_png4	24304	217.89
8107_rgb8_256	123040	zen_png10	22598	474.64
8107_rgb8_256	123040	zen_png19	21794	3643.64
8107_rgb8_256	123040	zen_png30	20970	35459.72
8107_rgb8_256	123040	zen_e1	24757	160.74
8107_rgb8_256	123040	zen_e10	23548	311.32
8107_rgb8_256	123040	zen_e15	22600	449.43
8107_rgb8_256	123040	zen_e24	21332	8823.49
8107_rgb8_256	123040	zen_e30	20971	34883.78
8107_rgb8_256	123040	zen_ld1	24473	227.33
8107_rgb8_256	123040	zen_ld6	22762	415.76
8107_rgb8_256	123040	zen_ld12	20992	30194.74
8107_rgb8_1024	1966720	zen_png1	275023	337.69
8107_rgb8_1024	1966720	zen_png4	256400	2189.46
8107_rgb8_1024	1966720	zen_png10	232682	6164.60
8107_rgb8_1024	1966720	zen_png19	217643	47997.82
8107_rgb8_1024	1966720	zen_png30	213978	342938.31
8107_rgb8_1024	1966720	zen_e1	261654	1806.92
8107_rgb8_1024	1966720	zen_e10	241119	4194.14
8107_rgb8_1024	1966720	zen_e15	231617	6053.74
8107_rgb8_1024	1966720	zen_e24	215510	77557.36
8107_rgb8_1024	1966720	zen_e30	213175	314866.53
8107_rgb8_1024	1966720	zen_ld1	259231	2896.50
8107_rgb8_1024	1966720	zen_ld6	232069	5615.84
8107_rgb8_1024	1966720	zen_ld12	213546	269789.76
8107_rgb8_2560	3888900	zen_png1	477708	676.93
8107_rgb8_2560	3888900	zen_png4	377300	3732.59
8107_rgb8_2560	3888900	zen_png10	360612	11605.13
8107_rgb8_2560	3888900	zen_png19	332161	98649.14
8107_rgb8_2560	3888900	zen_png30	326726	581796.47
8107_rgb8_2560	3888900	zen_e1	391130	2955.53
8107_rgb8_2560	3888900	zen_e10	372456	7469.73
8107_rgb8_2560	3888900	zen_e15	358208	11312.24
8107_rgb8_2560	3888900	zen_e24	330448	146695.03
8107_rgb8_2560	3888900	zen_e30	326797	556965.85
8107_rgb8_2560	3888900	zen_ld1	384090	5079.86
8107_rgb8_2560	3888900	zen_ld6	358693	10296.41
8107_rgb8_2560	3888900	zen_ld12	327197	483030.21
1207_gray8_1024	787200	zen_png1	345661	344.48
1207_gray8_1024	787200	zen_png4	331382	3000.35
1207_gray8_1024	787200	zen_png10	331288	9007.30
1207_gray8_1024	787200	zen_png19	330916	66665.22
1207_gray8_1024	787200	zen_png30	327440	145449.95
1207_gray8_1024	787200	zen_e1	374183	2693.88
1207_gray8_1024	787200	zen_e10	365831	5591.13
1207_gray8_1024	787200	zen_e15	354311	13352.89
1207_gray8_1024	787200	zen_e24	330250	68930.96
1207_gray8_1024	787200	zen_e30	329459	158704.34
1207_gray8_1024	787200	zen_ld1	371872	3743.32
1207_gray8_1024	787200	zen_ld6	356919	10009.52
1207_gray8_1024	787200	zen_ld12	329188	119054.06
1207_rgb16_1024	4719360	zen_png1	1963756	2583.69
1207_rgb16_1024	4719360	zen_png4	1258848	13376.15
1207_rgb16_1024	4719360	zen_png10	1150864	36915.39
1207_rgb16_1024	4719360	zen_png19	982429	510962.95
1207_rgb16_1024	4719360	zen_png30	958974	1084344.95
1207_rgb16_1024	4719360	zen_e1	1348208	10193.83
1207_rgb16_1024	4719360	zen_e10	1175076	20335.33
1207_rgb16_1024	4719360	zen_e15	1097173	62257.95
1207_rgb16_1024	4719360	zen_e24	958414	600228.50
1207_rgb16_1024	4719360	zen_e30	957564	1161782.21
1207_rgb16_1024	4719360	zen_ld1	1324485	12979.73
1207_rgb16_1024	4719360	zen_ld6	1122066	43758.56
1207_rgb16_1024	4719360	zen_ld12	958022	966640.75
1207_rgba8_1024	3146496	zen_png1	1274942	1521.83
1207_rgba8_1024	3146496	zen_png4	1177490	12362.90
1207_rgba8_1024	3146496	zen_png10	1139147	35686.78
1207_rgba8_1024	3146496	zen_png19	1032021	342670.00
1207_rgba8_1024	3146496	zen_png30	1026370	731131.85
1207_rgba8_1024	3146496	zen_e1	1204638	8751.80
1207_rgba8_1024	3146496	zen_e10	1171009	19499.27
1207_rgba8_1024	3146496	zen_e15	1112588	52516.57
1207_rgba8_1024	3146496	zen_e24	1028563	365997.50
1207_rgba8_1024	3146496	zen_e30	1025201	739599.31
1207_rgba8_1024	3146496	zen_ld1	1187508	11225.10
1207_rgba8_1024	3146496	zen_ld6	1124447	37910.74
1207_rgba8_1024	3146496	zen_ld12	1024884	626035.80
5207_gray8_1024	811008	zen_png1	113963	190.78
5207_gray8_1024	811008	zen_png4	107890	992.32
5207_gray8_1024	811008	zen_png10	108690	2702.72
5207_gray8_1024	811008	zen_png19	107684	23141.64
5207_gray8_1024	811008	zen_png30	106149	216681.31
5207_gray8_1024	811008	zen_e1	113235	787.59
5207_gray8_1024	811008	zen_e10	113817	1876.14
5207_gray8_1024	811008	zen_e15	111220	2604.14
5207_gray8_1024	811008	zen_e24	107295	51112.35
5207_gray8_1024	811008	zen_e30	105547	211921.09
5207_gray8_1024	811008	zen_ld1	112697	1236.82
5207_gray8_1024	811008	zen_ld6	111340	2376.77
5207_gray8_1024	811008	zen_ld12	105835	183964.89
5207_rgb16_1024	4860928	zen_png1	603308	823.84
5207_rgb16_1024	4860928	zen_png4	226148	2497.20
5207_rgb16_1024	4860928	zen_png10	223785	11291.60
5207_rgb16_1024	4860928	zen_png19	208356	108151.73
5207_rgb16_1024	4860928	zen_png30	204512	687981.67
5207_rgb16_1024	4860928	zen_e1	365503	2845.03
5207_rgb16_1024	4860928	zen_e10	251082	6999.91
5207_rgb16_1024	4860928	zen_e15	238461	12156.36
5207_rgb16_1024	4860928	zen_e24	206956	174730.18
5207_rgb16_1024	4860928	zen_e30	204549	695620.46
5207_rgb16_1024	4860928	zen_ld1	314435	4978.66
5207_rgb16_1024	4860928	zen_ld6	239238	10740.23
5207_rgb16_1024	4860928	zen_ld12	205829	561029.11
5207_rgba8_1024	3240960	zen_png1	729588	1946.07
5207_rgba8_1024	3240960	zen_png4	561323	6414.37
5207_rgba8_1024	3240960	zen_png10	468434	19753.80
5207_rgba8_1024	3240960	zen_png19	386748	260297.44
5207_rgba8_1024	3240960	zen_png30	354609	1499595.33
5207_rgba8_1024	3240960	zen_e1	546432	4963.07
5207_rgba8_1024	3240960	zen_e10	491749	10357.05
5207_rgba8_1024	3240960	zen_e15	443078	32602.06
5207_rgba8_1024	3240960	zen_e24	360911	477787.61
5207_rgba8_1024	3240960	zen_e30	354401	1414411.01
5207_rgba8_1024	3240960	zen_ld1	522142	6659.58
5207_rgba8_1024	3240960	zen_ld6	452867	25170.14
5207_rgba8_1024	3240960	zen_ld12	355348	1159707.20
8107_gray8_1024	656000	zen_png1	96285	157.01
8107_gray8_1024	656000	zen_png4	92794	894.46
8107_gray8_1024	656000	zen_png10	92827	2393.62
8107_gray8_1024	656000	zen_png19	92594	17740.32
8107_gray8_1024	656000	zen_png30	91859	188258.17
8107_gray8_1024	656000	zen_e1	99977	739.15
8107_gray8_1024	656000	zen_e10	100677	1630.88
8107_gray8_1024	656000	zen_e15	98698	2369.87
8107_gray8_1024	656000	zen_e24	93888	38078.35
8107_gray8_1024	656000	zen_e30	91660	183410.69
8107_gray8_1024	656000	zen_ld1	99471	1113.99
8107_gray8_1024	656000	zen_ld6	98730	2145.19
8107_gray8_1024	656000	zen_ld12	91850	156543.01
8107_rgb16_1024	3932800	zen_png1	535276	670.80
8107_rgb16_1024	3932800	zen_png4	280555	2871.66
8107_rgb16_1024	3932800	zen_png10	271536	10715.48
8107_rgb16_1024	3932800	zen_png19	253360	98868.82
8107_rgb16_1024	3932800	zen_png30	251028	466720.28
8107_rgb16_1024	3932800	zen_e1	355912	2661.17
8107_rgb16_1024	3932800	zen_e10	284974	6716.99
8107_rgb16_1024	3932800	zen_e15	275530	12672.31
8107_rgb16_1024	3932800	zen_e24	251202	134126.40
8107_rgb16_1024	3932800	zen_e30	249559	434977.18
8107_rgb16_1024	3932800	zen_ld1	331110	4439.52
8107_rgb16_1024	3932800	zen_ld6	276529	10623.58
8107_rgb16_1024	3932800	zen_ld12	250045	387454.86
8107_rgba8_1024	2622080	zen_png1	611235	1514.01
8107_rgba8_1024	2622080	zen_png4	497135	6170.71
8107_rgba8_1024	2622080	zen_png10	445185	17317.50
8107_rgba8_1024	2622080	zen_png19	370076	211509.25
8107_rgba8_1024	2622080	zen_png30	344640	1145076.92
8107_rgba8_1024	2622080	zen_e1	500231	4400.97
8107_rgba8_1024	2622080	zen_e10	466360	9247.76
8107_rgba8_1024	2622080	zen_e15	422047	26732.91
8107_rgba8_1024	2622080	zen_e24	348576	359443.76
8107_rgba8_1024	2622080	zen_e30	342628	1083317.18
8107_rgba8_1024	2622080	zen_ld1	482069	5806.61
8107_rgba8_1024	2622080	zen_ld6	431459	20964.53
8107_rgba8_1024	2622080	zen_ld12	343180	867117.91
