transform,class,codec,n,in_bytes,out_bytes,ratio,mib_s
png_adaptive,*ALL,fd-L1,35,7086848,2187158,3.2402,435.4
png_adaptive,*ALL,fd-L2,35,7086848,2155322,3.2881,276.9
png_adaptive,*ALL,fd-L3,35,7086848,2130892,3.3258,232.4
png_adaptive,*ALL,fd-L6,35,7086848,2096197,3.3808,70.0
png_adaptive,*ALL,fd-rle,35,7086848,2281845,3.1058,879.1
png_adaptive,*ALL,fd-ultrafast,35,7086848,2543433,2.7863,1420.2
png_adaptive,*ALL,png-e01,35,7086848,2296359,3.0861,1224.6
png_adaptive,*ALL,png-e02,35,7086848,2279995,3.1083,1115.7
png_adaptive,*ALL,png-e03,35,7086848,2175470,3.2576,419.7
png_adaptive,*ALL,png-e04,35,7086848,2160390,3.2804,368.1
png_adaptive,*ALL,png-e05,35,7086848,2155942,3.2871,343.7
png_adaptive,*ALL,png-e06,35,7086848,2145672,3.3029,301.7
png_adaptive,*ALL,png-e07,35,7086848,2138359,3.3142,276.0
png_adaptive,*ALL,png-e08,35,7086848,2130959,3.3257,251.2
png_adaptive,*ALL,png-e09,35,7086848,2123230,3.3378,222.9
png_adaptive,*ALL,png-e10,35,7086848,2116098,3.3490,181.8
png_adaptive,*ALL,png-e11,35,7086848,2109089,3.3601,146.9
png_adaptive,*ALL,png-e12,35,7086848,2106612,3.3641,132.3
png_adaptive,*ALL,png-e13,35,7086848,2101817,3.3718,109.1
png_adaptive,*ALL,png-e14,35,7086848,2098091,3.3778,85.8
png_adaptive,*ALL,zf-e1,35,7086848,2234368,3.1717,400.3
png_adaptive,*ALL,zf-e10,35,7086848,2163176,3.2761,202.8
png_adaptive,*ALL,zf-e13,35,7086848,2113012,3.3539,143.3
png_adaptive,*ALL,zf-e14,35,7086848,2104568,3.3674,124.7
png_adaptive,*ALL,zf-e15,35,7086848,2097533,3.3787,110.4
png_adaptive,*ALL,zf-e17,35,7086848,2091957,3.3877,92.0
png_adaptive,*ALL,zf-e5,35,7086848,2209323,3.2077,336.0
png_adaptive,*ALL,zlibrs-L1,35,7086848,3003851,2.3593,416.2
png_adaptive,*ALL,zlibrs-rle,35,7086848,2254372,3.1436,345.8
png_adaptive,clipart,fd-L1,5,984320,208508,4.7208,317.1
png_adaptive,clipart,fd-L2,5,984320,201695,4.8802,200.5
png_adaptive,clipart,fd-L3,5,984320,203392,4.8395,200.3
png_adaptive,clipart,fd-L6,5,984320,199049,4.9451,60.7
png_adaptive,clipart,fd-rle,5,984320,208011,4.7321,640.2
png_adaptive,clipart,fd-ultrafast,5,984320,219591,4.4825,1150.6
png_adaptive,clipart,png-e01,5,984320,208814,4.7139,872.4
png_adaptive,clipart,png-e02,5,984320,207722,4.7386,817.8
png_adaptive,clipart,png-e03,5,984320,207722,4.7386,330.5
png_adaptive,clipart,png-e04,5,984320,207511,4.7435,317.6
png_adaptive,clipart,png-e05,5,984320,207446,4.7449,311.9
png_adaptive,clipart,png-e06,5,984320,207446,4.7449,280.9
png_adaptive,clipart,png-e07,5,984320,207298,4.7483,257.0
png_adaptive,clipart,png-e08,5,984320,206426,4.7684,229.9
png_adaptive,clipart,png-e09,5,984320,205476,4.7904,199.2
png_adaptive,clipart,png-e10,5,984320,204542,4.8123,166.9
png_adaptive,clipart,png-e11,5,984320,202810,4.8534,127.6
png_adaptive,clipart,png-e12,5,984320,202198,4.8681,112.6
png_adaptive,clipart,png-e13,5,984320,200862,4.9005,82.1
png_adaptive,clipart,png-e14,5,984320,199774,4.9272,55.5
png_adaptive,clipart,zf-e1,5,984320,223943,4.3954,561.9
png_adaptive,clipart,zf-e10,5,984320,214658,4.5855,272.3
png_adaptive,clipart,zf-e13,5,984320,207257,4.7493,177.2
png_adaptive,clipart,zf-e14,5,984320,204666,4.8094,139.5
png_adaptive,clipart,zf-e15,5,984320,202132,4.8697,109.9
png_adaptive,clipart,zf-e17,5,984320,200350,4.9130,80.5
png_adaptive,clipart,zf-e5,5,984320,221694,4.4400,467.2
png_adaptive,clipart,zlibrs-L1,5,984320,290280,3.3909,594.1
png_adaptive,clipart,zlibrs-rle,5,984320,208447,4.7222,369.1
png_adaptive,document,fd-L1,5,1312000,87670,14.9652,725.8
png_adaptive,document,fd-L2,5,1312000,85875,15.2780,511.3
png_adaptive,document,fd-L3,5,1312000,86558,15.1575,489.1
png_adaptive,document,fd-L6,5,1312000,85919,15.2702,214.6
png_adaptive,document,fd-rle,5,1312000,89871,14.5987,2053.2
png_adaptive,document,fd-ultrafast,5,1312000,107134,12.2463,4195.2
png_adaptive,document,png-e01,5,1312000,89550,14.6510,2408.1
png_adaptive,document,png-e02,5,1312000,89530,14.6543,2471.3
png_adaptive,document,png-e03,5,1312000,88908,14.7568,891.0
png_adaptive,document,png-e04,5,1312000,88895,14.7590,899.9
png_adaptive,document,png-e05,5,1312000,88895,14.7590,907.2
png_adaptive,document,png-e06,5,1312000,88160,14.8820,778.7
png_adaptive,document,png-e07,5,1312000,87542,14.9871,700.1
png_adaptive,document,png-e08,5,1312000,87167,15.0516,622.9
png_adaptive,document,png-e09,5,1312000,86871,15.1029,551.4
png_adaptive,document,png-e10,5,1312000,86699,15.1328,516.6
png_adaptive,document,png-e11,5,1312000,86479,15.1713,465.6
png_adaptive,document,png-e12,5,1312000,86403,15.1847,447.8
png_adaptive,document,png-e13,5,1312000,86310,15.2010,406.7
png_adaptive,document,png-e14,5,1312000,86278,15.2067,392.0
png_adaptive,document,zf-e1,5,1312000,92199,14.2301,1539.1
png_adaptive,document,zf-e10,5,1312000,89504,14.6586,543.9
png_adaptive,document,zf-e13,5,1312000,87100,15.0631,414.0
png_adaptive,document,zf-e14,5,1312000,86550,15.1589,350.9
png_adaptive,document,zf-e15,5,1312000,86417,15.1822,314.7
png_adaptive,document,zf-e17,5,1312000,86208,15.2190,262.0
png_adaptive,document,zf-e5,5,1312000,91841,14.2856,1345.7
png_adaptive,document,zlibrs-L1,5,1312000,126226,10.3941,1651.0
png_adaptive,document,zlibrs-rle,5,1312000,89675,14.6306,1301.3
png_adaptive,photo,fd-L1,5,984320,359495,2.7381,204.1
png_adaptive,photo,fd-L2,5,984320,352655,2.7912,127.3
png_adaptive,photo,fd-L3,5,984320,339039,2.9033,105.3
png_adaptive,photo,fd-L6,5,984320,327983,3.0011,33.4
png_adaptive,photo,fd-rle,5,984320,428904,2.2950,500.1
png_adaptive,photo,fd-ultrafast,5,984320,473915,2.0770,942.3
png_adaptive,photo,png-e01,5,984320,443671,2.2186,995.2
png_adaptive,photo,png-e02,5,984320,434147,2.2673,727.3
png_adaptive,photo,png-e03,5,984320,355357,2.7699,226.8
png_adaptive,photo,png-e04,5,984320,354374,2.7776,209.5
png_adaptive,photo,png-e05,5,984320,354183,2.7791,204.0
png_adaptive,photo,png-e06,5,984320,349066,2.8199,179.4
png_adaptive,photo,png-e07,5,984320,345384,2.8499,159.4
png_adaptive,photo,png-e08,5,984320,341751,2.8802,138.6
png_adaptive,photo,png-e09,5,984320,337951,2.9126,115.5
png_adaptive,photo,png-e10,5,984320,336109,2.9286,101.7
png_adaptive,photo,png-e11,5,984320,333833,2.9485,81.0
png_adaptive,photo,png-e12,5,984320,333071,2.9553,72.9
png_adaptive,photo,png-e13,5,984320,331611,2.9683,56.1
png_adaptive,photo,png-e14,5,984320,330734,2.9762,44.9
png_adaptive,photo,zf-e1,5,984320,376252,2.6161,332.4
png_adaptive,photo,zf-e10,5,984320,343877,2.8624,167.2
png_adaptive,photo,zf-e13,5,984320,329423,2.9880,89.1
png_adaptive,photo,zf-e14,5,984320,327439,3.0061,72.2
png_adaptive,photo,zf-e15,5,984320,326194,3.0176,62.5
png_adaptive,photo,zf-e17,5,984320,324814,3.0304,50.0
png_adaptive,photo,zf-e5,5,984320,363154,2.7105,280.9
png_adaptive,photo,zlibrs-L1,5,984320,520496,1.8911,366.5
png_adaptive,photo,zlibrs-rle,5,984320,416375,2.3640,230.9
png_adaptive,render,fd-L1,5,853248,339200,2.5155,518.2
png_adaptive,render,fd-L2,5,853248,332065,2.5695,270.2
png_adaptive,render,fd-L3,5,853248,323088,2.6409,176.4
png_adaptive,render,fd-L6,5,853248,318794,2.6765,72.6
png_adaptive,render,fd-rle,5,853248,344254,2.4785,961.0
png_adaptive,render,fd-ultrafast,5,853248,365190,2.3364,1373.3
png_adaptive,render,png-e01,5,853248,349331,2.4425,1333.1
png_adaptive,render,png-e02,5,853248,345455,2.4699,1213.8
png_adaptive,render,png-e03,5,853248,330521,2.5815,279.2
png_adaptive,render,png-e04,5,853248,327219,2.6076,237.5
png_adaptive,render,png-e05,5,853248,326527,2.6131,221.0
png_adaptive,render,png-e06,5,853248,324845,2.6266,190.2
png_adaptive,render,png-e07,5,853248,323723,2.6357,176.0
png_adaptive,render,png-e08,5,853248,322641,2.6446,166.2
png_adaptive,render,png-e09,5,853248,321842,2.6511,157.1
png_adaptive,render,png-e10,5,853248,321057,2.6576,141.8
png_adaptive,render,png-e11,5,853248,320389,2.6632,131.7
png_adaptive,render,png-e12,5,853248,320152,2.6651,126.8
png_adaptive,render,png-e13,5,853248,319935,2.6669,118.4
png_adaptive,render,png-e14,5,853248,319781,2.6682,111.4
png_adaptive,render,zf-e1,5,853248,337221,2.5302,304.5
png_adaptive,render,zf-e10,5,853248,326202,2.6157,169.1
png_adaptive,render,zf-e13,5,853248,320192,2.6648,118.4
png_adaptive,render,zf-e14,5,853248,319419,2.6712,109.4
png_adaptive,render,zf-e15,5,853248,318900,2.6756,102.5
png_adaptive,render,zf-e17,5,853248,318401,2.6798,92.6
png_adaptive,render,zf-e5,5,853248,334316,2.5522,245.7
png_adaptive,render,zlibrs-L1,5,853248,453933,1.8797,333.7
png_adaptive,render,zlibrs-rle,5,853248,340593,2.5052,279.6
png_adaptive,scan,fd-L1,5,984320,545024,1.8060,472.8
png_adaptive,scan,fd-L2,5,984320,539988,1.8229,299.7
png_adaptive,scan,fd-L3,5,984320,541203,1.8188,290.0
png_adaptive,scan,fd-L6,5,984320,540966,1.8196,57.7
png_adaptive,scan,fd-rle,5,984320,552683,1.7810,770.4
png_adaptive,scan,fd-ultrafast,5,984320,613183,1.6053,1052.7
png_adaptive,scan,png-e01,5,984320,546028,1.8027,986.5
png_adaptive,scan,png-e02,5,984320,544964,1.8062,926.2
png_adaptive,scan,png-e03,5,984320,543632,1.8106,461.0
png_adaptive,scan,png-e04,5,984320,542966,1.8129,425.9
png_adaptive,scan,png-e05,5,984320,542656,1.8139,394.1
png_adaptive,scan,png-e06,5,984320,542205,1.8154,356.4
png_adaptive,scan,png-e07,5,984320,541674,1.8172,329.0
png_adaptive,scan,png-e08,5,984320,541080,1.8192,301.2
png_adaptive,scan,png-e09,5,984320,539894,1.8232,264.0
png_adaptive,scan,png-e10,5,984320,538884,1.8266,201.8
png_adaptive,scan,png-e11,5,984320,537808,1.8302,134.5
png_adaptive,scan,png-e12,5,984320,537470,1.8314,107.0
png_adaptive,scan,png-e13,5,984320,536524,1.8346,89.5
png_adaptive,scan,png-e14,5,984320,535663,1.8376,65.9
png_adaptive,scan,zf-e1,5,984320,556070,1.7701,240.2
png_adaptive,scan,zf-e10,5,984320,555249,1.7728,125.9
png_adaptive,scan,zf-e13,5,984320,545312,1.8051,104.6
png_adaptive,scan,zf-e14,5,984320,543978,1.8095,94.6
png_adaptive,scan,zf-e15,5,984320,542839,1.8133,85.4
png_adaptive,scan,zf-e17,5,984320,541822,1.8167,73.5
png_adaptive,scan,zf-e5,5,984320,554125,1.7764,199.6
png_adaptive,scan,zlibrs-L1,5,984320,750705,1.3112,232.7
png_adaptive,scan,zlibrs-rle,5,984320,542324,1.8150,248.5
png_adaptive,screenshot,fd-L1,5,984320,140418,7.0099,1070.6
png_adaptive,screenshot,fd-L2,5,984320,139299,7.0662,816.9
png_adaptive,screenshot,fd-L3,5,984320,138483,7.1079,714.0
png_adaptive,screenshot,fd-L6,5,984320,135963,7.2396,251.7
png_adaptive,screenshot,fd-rle,5,984320,148926,6.6095,2205.7
png_adaptive,screenshot,fd-ultrafast,5,984320,178679,5.5089,3268.7
png_adaptive,screenshot,png-e01,5,984320,149413,6.5879,2488.0
png_adaptive,screenshot,png-e02,5,984320,149009,6.6058,2564.5
png_adaptive,screenshot,png-e03,5,984320,140739,6.9939,1112.9
png_adaptive,screenshot,png-e04,5,984320,140429,7.0094,1038.1
png_adaptive,screenshot,png-e05,5,984320,138880,7.0876,636.1
png_adaptive,screenshot,png-e06,5,984320,138001,7.1327,528.4
png_adaptive,screenshot,png-e07,5,984320,137616,7.1527,503.7
png_adaptive,screenshot,png-e08,5,984320,137372,7.1654,489.1
png_adaptive,screenshot,png-e09,5,984320,137245,7.1720,474.7
png_adaptive,screenshot,png-e10,5,984320,136647,7.2034,394.8
png_adaptive,screenshot,png-e11,5,984320,136554,7.2083,368.2
png_adaptive,screenshot,png-e12,5,984320,136524,7.2099,357.6
png_adaptive,screenshot,png-e13,5,984320,136493,7.2115,352.7
png_adaptive,screenshot,png-e14,5,984320,136493,7.2115,352.2
png_adaptive,screenshot,zf-e1,5,984320,140882,6.9868,798.7
png_adaptive,screenshot,zf-e10,5,984320,138856,7.0888,366.5
png_adaptive,screenshot,zf-e13,5,984320,136248,7.2245,304.7
png_adaptive,screenshot,zf-e14,5,984320,136175,7.2283,289.3
png_adaptive,screenshot,zf-e15,5,984320,136022,7.2365,269.9
png_adaptive,screenshot,zf-e17,5,984320,135972,7.2391,246.8
png_adaptive,screenshot,zf-e5,5,984320,140009,7.0304,686.9
png_adaptive,screenshot,zlibrs-L1,5,984320,188726,5.2156,859.7
png_adaptive,screenshot,zlibrs-rle,5,984320,148110,6.6459,784.6
png_adaptive,texture,fd-L1,5,984320,506843,1.9421,519.4
png_adaptive,texture,fd-L2,5,984320,503745,1.9540,360.1
png_adaptive,texture,fd-L3,5,984320,499129,1.9721,250.0
png_adaptive,texture,fd-L6,5,984320,487523,2.0190,58.7
png_adaptive,texture,fd-rle,5,984320,509196,1.9331,754.0
png_adaptive,texture,fd-ultrafast,5,984320,585741,1.6805,1070.1
png_adaptive,texture,png-e01,5,984320,509552,1.9317,901.7
png_adaptive,texture,png-e02,5,984320,509168,1.9332,883.3
png_adaptive,texture,png-e03,5,984320,508591,1.9354,487.3
png_adaptive,texture,png-e04,5,984320,498996,1.9726,312.9
png_adaptive,texture,png-e05,5,984320,497355,1.9791,299.7
png_adaptive,texture,png-e06,5,984320,495949,1.9847,266.1
png_adaptive,texture,png-e07,5,984320,495122,1.9880,246.1
png_adaptive,texture,png-e08,5,984320,494522,1.9904,228.5
png_adaptive,texture,png-e09,5,984320,493951,1.9927,208.9
png_adaptive,texture,png-e10,5,984320,492160,2.0000,131.8
png_adaptive,texture,png-e11,5,984320,491216,2.0038,108.4
png_adaptive,texture,png-e12,5,984320,490794,2.0056,101.3
png_adaptive,texture,png-e13,5,984320,490082,2.0085,87.8
png_adaptive,texture,png-e14,5,984320,489368,2.0114,69.2
png_adaptive,texture,zf-e1,5,984320,507801,1.9384,245.8
png_adaptive,texture,zf-e10,5,984320,494830,1.9892,131.4
png_adaptive,texture,zf-e13,5,984320,487480,2.0192,100.0
png_adaptive,texture,zf-e14,5,984320,486341,2.0239,91.2
png_adaptive,texture,zf-e15,5,984320,485029,2.0294,83.2
png_adaptive,texture,zf-e17,5,984320,484390,2.0321,73.0
png_adaptive,texture,zf-e5,5,984320,504184,1.9523,210.9
png_adaptive,texture,zlibrs-L1,5,984320,673485,1.4615,248.7
png_adaptive,texture,zlibrs-rle,5,984320,508848,1.9344,229.5
png_none,*ALL,fd-L1,35,7086848,3042733,2.3291,539.2
png_none,*ALL,fd-L2,35,7086848,2974372,2.3826,347.9
png_none,*ALL,fd-L3,35,7086848,2785005,2.5446,286.0
png_none,*ALL,fd-L6,35,7086848,2635287,2.6892,104.1
png_none,*ALL,fd-rle,35,7086848,4264053,1.6620,1284.8
png_none,*ALL,fd-ultrafast,35,7086848,7820477,0.9062,1725.1
png_none,*ALL,png-e01,35,7086848,4201066,1.6869,1376.4
png_none,*ALL,png-e02,35,7086848,4186730,1.6927,1352.1
png_none,*ALL,png-e03,35,7086848,2875568,2.4645,534.3
png_none,*ALL,png-e04,35,7086848,2796573,2.5341,476.6
png_none,*ALL,png-e05,35,7086848,2782228,2.5472,445.3
png_none,*ALL,png-e06,35,7086848,2758500,2.5691,390.2
png_none,*ALL,png-e07,35,7086848,2741776,2.5848,358.5
png_none,*ALL,png-e08,35,7086848,2728445,2.5974,328.5
png_none,*ALL,png-e09,35,7086848,2718941,2.6065,296.7
png_none,*ALL,png-e10,35,7086848,2674257,2.6500,222.8
png_none,*ALL,png-e11,35,7086848,2666786,2.6574,189.2
png_none,*ALL,png-e12,35,7086848,2663891,2.6603,168.2
png_none,*ALL,png-e13,35,7086848,2660157,2.6641,145.5
png_none,*ALL,png-e14,35,7086848,2656528,2.6677,112.4
png_none,*ALL,zf-e1,35,7086848,2797349,2.5334,370.4
png_none,*ALL,zf-e10,35,7086848,2616556,2.7085,200.8
png_none,*ALL,zf-e13,35,7086848,2566753,2.7610,161.7
png_none,*ALL,zf-e14,35,7086848,2557424,2.7711,149.2
png_none,*ALL,zf-e15,35,7086848,2548498,2.7808,137.3
png_none,*ALL,zf-e17,35,7086848,2543920,2.7858,123.1
png_none,*ALL,zf-e5,35,7086848,2750401,2.5767,314.1
png_none,*ALL,zlibrs-L1,35,7086848,3304850,2.1444,375.5
png_none,*ALL,zlibrs-rle,35,7086848,4053707,1.7482,300.0
png_none,clipart,fd-L1,5,984320,243391,4.0442,344.4
png_none,clipart,fd-L2,5,984320,230487,4.2706,210.7
png_none,clipart,fd-L3,5,984320,224782,4.3790,205.5
png_none,clipart,fd-L6,5,984320,210636,4.6731,71.0
png_none,clipart,fd-rle,5,984320,499609,1.9702,1215.3
png_none,clipart,fd-ultrafast,5,984320,1116307,0.8818,1839.1
png_none,clipart,png-e01,5,984320,487785,2.0179,1301.8
png_none,clipart,png-e02,5,984320,485316,2.0282,1283.8
png_none,clipart,png-e03,5,984320,242426,4.0603,403.3
png_none,clipart,png-e04,5,984320,240349,4.0954,386.1
png_none,clipart,png-e05,5,984320,239438,4.1110,376.0
png_none,clipart,png-e06,5,984320,234949,4.1895,330.7
png_none,clipart,png-e07,5,984320,230173,4.2764,300.3
png_none,clipart,png-e08,5,984320,226027,4.3549,266.5
png_none,clipart,png-e09,5,984320,222662,4.4207,227.2
png_none,clipart,png-e10,5,984320,220047,4.4732,189.8
png_none,clipart,png-e11,5,984320,217151,4.5329,143.9
png_none,clipart,png-e12,5,984320,216020,4.5566,124.7
png_none,clipart,png-e13,5,984320,213765,4.6047,89.9
png_none,clipart,png-e14,5,984320,212271,4.6371,59.5
png_none,clipart,zf-e1,5,984320,249998,3.9373,537.4
png_none,clipart,zf-e10,5,984320,226077,4.3539,259.0
png_none,clipart,zf-e13,5,984320,216572,4.5450,186.2
png_none,clipart,zf-e14,5,984320,213546,4.6094,147.1
png_none,clipart,zf-e15,5,984320,208939,4.7110,115.5
png_none,clipart,zf-e17,5,984320,206973,4.7558,87.2
png_none,clipart,zf-e5,5,984320,245423,4.0107,444.1
png_none,clipart,zlibrs-L1,5,984320,299515,3.2864,578.8
png_none,clipart,zlibrs-rle,5,984320,461759,2.1317,260.8
png_none,document,fd-L1,5,1312000,139396,9.4120,741.4
png_none,document,fd-L2,5,1312000,135817,9.6601,553.8
png_none,document,fd-L3,5,1312000,132213,9.9234,544.7
png_none,document,fd-L6,5,1312000,98589,13.3078,413.0
png_none,document,fd-rle,5,1312000,529960,2.4757,1857.6
png_none,document,fd-ultrafast,5,1312000,1018553,1.2881,2134.6
png_none,document,png-e01,5,1312000,515882,2.5432,1827.6
png_none,document,png-e02,5,1312000,515851,2.5434,1806.7
png_none,document,png-e03,5,1312000,105642,12.4193,794.4
png_none,document,png-e04,5,1312000,105622,12.4217,800.5
png_none,document,png-e05,5,1312000,105622,12.4217,801.9
png_none,document,png-e06,5,1312000,101152,12.9706,738.2
png_none,document,png-e07,5,1312000,100320,13.0781,699.0
png_none,document,png-e08,5,1312000,99906,13.1323,664.2
png_none,document,png-e09,5,1312000,99764,13.1510,644.9
png_none,document,png-e10,5,1312000,99663,13.1644,630.6
png_none,document,png-e11,5,1312000,99542,13.1804,617.6
png_none,document,png-e12,5,1312000,99537,13.1810,608.8
png_none,document,png-e13,5,1312000,99522,13.1830,597.1
png_none,document,png-e14,5,1312000,99506,13.1851,555.5
png_none,document,zf-e1,5,1312000,122755,10.6880,1298.5
png_none,document,zf-e10,5,1312000,103513,12.6747,551.1
png_none,document,zf-e13,5,1312000,100145,13.1010,478.6
png_none,document,zf-e14,5,1312000,99758,13.1518,470.9
png_none,document,zf-e15,5,1312000,99640,13.1674,462.9
png_none,document,zf-e17,5,1312000,99671,13.1633,444.1
png_none,document,zf-e5,5,1312000,104012,12.6139,1248.6
png_none,document,zlibrs-L1,5,1312000,184011,7.1300,1302.0
png_none,document,zlibrs-rle,5,1312000,504892,2.5986,478.8
png_none,photo,fd-L1,5,984320,687490,1.4318,383.6
png_none,photo,fd-L2,5,984320,661122,1.4889,215.7
png_none,photo,fd-L3,5,984320,504173,1.9523,126.0
png_none,photo,fd-L6,5,984320,475152,2.0716,57.5
png_none,photo,fd-rle,5,984320,816881,1.2050,1203.4
png_none,photo,fd-ultrafast,5,984320,1383208,0.7116,1871.9
png_none,photo,png-e01,5,984320,787198,1.2504,1302.0
png_none,photo,png-e02,5,984320,787198,1.2504,1295.9
png_none,photo,png-e03,5,984320,577894,1.7033,355.4
png_none,photo,png-e04,5,984320,510164,1.9294,264.6
png_none,photo,png-e05,5,984320,501733,1.9618,239.2
png_none,photo,png-e06,5,984320,496266,1.9835,197.5
png_none,photo,png-e07,5,984320,493019,1.9965,173.8
png_none,photo,png-e08,5,984320,490152,2.0082,155.1
png_none,photo,png-e09,5,984320,488182,2.0163,138.1
png_none,photo,png-e10,5,984320,484392,2.0321,121.7
png_none,photo,png-e11,5,984320,483615,2.0353,110.2
png_none,photo,png-e12,5,984320,483407,2.0362,105.3
png_none,photo,png-e13,5,984320,483180,2.0372,98.0
png_none,photo,png-e14,5,984320,483073,2.0376,90.6
png_none,photo,zf-e1,5,984320,504836,1.9498,266.4
png_none,photo,zf-e10,5,984320,448560,2.1944,159.7
png_none,photo,zf-e13,5,984320,439025,2.2421,109.5
png_none,photo,zf-e14,5,984320,437939,2.2476,100.5
png_none,photo,zf-e15,5,984320,437625,2.2492,95.0
png_none,photo,zf-e17,5,984320,437575,2.2495,88.9
png_none,photo,zf-e5,5,984320,496677,1.9818,224.4
png_none,photo,zlibrs-L1,5,984320,628431,1.5663,290.8
png_none,photo,zlibrs-rle,5,984320,733646,1.3417,266.6
png_none,render,fd-L1,5,853248,436860,1.9531,574.7
png_none,render,fd-L2,5,853248,430496,1.9820,384.1
png_none,render,fd-L3,5,853248,420041,2.0313,306.1
png_none,render,fd-L6,5,853248,387119,2.2041,95.9
png_none,render,fd-rle,5,853248,494075,1.7270,1198.7
png_none,render,fd-ultrafast,5,853248,837756,1.0185,1765.6
png_none,render,png-e01,5,853248,498003,1.7133,1460.3
png_none,render,png-e02,5,853248,491729,1.7352,1395.7
png_none,render,png-e03,5,853248,428075,1.9932,527.8
png_none,render,png-e04,5,853248,422251,2.0207,433.9
png_none,render,png-e05,5,853248,419472,2.0341,372.2
png_none,render,png-e06,5,853248,417419,2.0441,320.7
png_none,render,png-e07,5,853248,415930,2.0514,301.4
png_none,render,png-e08,5,853248,414610,2.0580,288.2
png_none,render,png-e09,5,853248,413919,2.0614,274.4
png_none,render,png-e10,5,853248,397566,2.1462,164.6
png_none,render,png-e11,5,853248,396951,2.1495,156.9
png_none,render,png-e12,5,853248,396868,2.1500,152.9
png_none,render,png-e13,5,853248,396747,2.1506,147.4
png_none,render,png-e14,5,853248,396686,2.1509,138.8
png_none,render,zf-e1,5,853248,407922,2.0917,279.7
png_none,render,zf-e10,5,853248,385498,2.2134,158.5
png_none,render,zf-e13,5,853248,376980,2.2634,132.0
png_none,render,zf-e14,5,853248,375599,2.2717,127.0
png_none,render,zf-e15,5,853248,374733,2.2769,122.4
png_none,render,zf-e17,5,853248,373861,2.2823,115.8
png_none,render,zf-e5,5,853248,403105,2.1167,237.0
png_none,render,zlibrs-L1,5,853248,482319,1.7691,304.9
png_none,render,zlibrs-rle,5,853248,480521,1.7757,317.4
png_none,scan,fd-L1,5,984320,722055,1.3632,590.1
png_none,scan,fd-L2,5,984320,710501,1.3854,373.6
png_none,scan,fd-L3,5,984320,706034,1.3942,342.1
png_none,scan,fd-L6,5,984320,698635,1.4089,124.2
png_none,scan,fd-rle,5,984320,759375,1.2962,1070.3
png_none,scan,fd-ultrafast,5,984320,1046994,0.9401,1416.5
png_none,scan,png-e01,5,984320,747527,1.3168,1181.4
png_none,scan,png-e02,5,984320,747164,1.3174,1173.4
png_none,scan,png-e03,5,984320,710325,1.3857,521.6
png_none,scan,png-e04,5,984320,707986,1.3903,484.7
png_none,scan,png-e05,5,984320,706701,1.3928,447.1
png_none,scan,png-e06,5,984320,703894,1.3984,408.2
png_none,scan,png-e07,5,984320,701428,1.4033,383.2
png_none,scan,png-e08,5,984320,699671,1.4068,356.6
png_none,scan,png-e09,5,984320,698568,1.4091,327.3
png_none,scan,png-e10,5,984320,697319,1.4116,260.9
png_none,scan,png-e11,5,984320,696563,1.4131,226.3
png_none,scan,png-e12,5,984320,696418,1.4134,199.3
png_none,scan,png-e13,5,984320,696136,1.4140,183.8
png_none,scan,png-e14,5,984320,696031,1.4142,108.3
png_none,scan,zf-e1,5,984320,715048,1.3766,230.3
png_none,scan,zf-e10,5,984320,699456,1.4073,128.0
png_none,scan,zf-e13,5,984320,691279,1.4239,110.8
png_none,scan,zf-e14,5,984320,690473,1.4256,104.7
png_none,scan,zf-e15,5,984320,689672,1.4272,98.4
png_none,scan,zf-e17,5,984320,689029,1.4286,91.2
png_none,scan,zf-e5,5,984320,711259,1.3839,191.1
png_none,scan,zlibrs-L1,5,984320,804982,1.2228,215.8
png_none,scan,zlibrs-rle,5,984320,737607,1.3345,253.2
png_none,screenshot,fd-L1,5,984320,177538,5.5443,1021.9
png_none,screenshot,fd-L2,5,984320,176391,5.5803,767.6
png_none,screenshot,fd-L3,5,984320,176205,5.5862,771.5
png_none,screenshot,fd-L6,5,984320,174492,5.6411,337.7
png_none,screenshot,fd-rle,5,984320,382168,2.5756,1329.5
png_none,screenshot,fd-ultrafast,5,984320,1246027,0.7900,1871.1
png_none,screenshot,png-e01,5,984320,388536,2.5334,1320.0
png_none,screenshot,png-e02,5,984320,383285,2.5681,1271.3
png_none,screenshot,png-e03,5,984320,178580,5.5119,808.7
png_none,screenshot,png-e04,5,984320,178905,5.5019,795.5
png_none,screenshot,png-e05,5,984320,178464,5.5155,789.4
png_none,screenshot,png-e06,5,984320,177425,5.5478,738.0
png_none,screenshot,png-e07,5,984320,176445,5.5786,720.6
png_none,screenshot,png-e08,5,984320,175916,5.5954,694.3
png_none,screenshot,png-e09,5,984320,175668,5.6033,650.2
png_none,screenshot,png-e10,5,984320,175165,5.6194,565.6
png_none,screenshot,png-e11,5,984320,174633,5.6365,432.5
png_none,screenshot,png-e12,5,984320,173872,5.6612,278.8
png_none,screenshot,png-e13,5,984320,173508,5.6731,208.7
png_none,screenshot,png-e14,5,984320,171941,5.7248,145.9
png_none,screenshot,zf-e1,5,984320,180231,5.4614,851.7
png_none,screenshot,zf-e10,5,984320,173166,5.6843,378.5
png_none,screenshot,zf-e13,5,984320,171463,5.7407,352.4
png_none,screenshot,zf-e14,5,984320,170957,5.7577,335.1
png_none,screenshot,zf-e15,5,984320,170400,5.7765,309.1
png_none,screenshot,zf-e17,5,984320,169801,5.7969,273.0
png_none,screenshot,zf-e5,5,984320,178968,5.5000,736.6
png_none,screenshot,zlibrs-L1,5,984320,207696,4.7392,807.6
png_none,screenshot,zlibrs-rle,5,984320,370119,2.6595,327.4
png_none,texture,fd-L1,5,984320,636003,1.5477,536.5
png_none,texture,fd-L2,5,984320,629558,1.5635,374.6
png_none,texture,fd-L3,5,984320,621557,1.5836,347.7
png_none,texture,fd-L6,5,984320,590664,1.6665,69.3
png_none,texture,fd-rle,5,984320,781985,1.2587,1215.3
png_none,texture,fd-ultrafast,5,984320,1171632,0.8401,1351.9
png_none,texture,png-e01,5,984320,776135,1.2682,1302.7
png_none,texture,png-e02,5,984320,776187,1.2681,1287.5
png_none,texture,png-e03,5,984320,632626,1.5559,585.4
png_none,texture,png-e04,5,984320,631296,1.5592,569.7
png_none,texture,png-e05,5,984320,630798,1.5604,545.7
png_none,texture,png-e06,5,984320,627395,1.5689,487.8
png_none,texture,png-e07,5,984320,624461,1.5763,450.4
png_none,texture,png-e08,5,984320,622163,1.5821,407.5
png_none,texture,png-e09,5,984320,620178,1.5872,356.6
png_none,texture,png-e10,5,984320,600105,1.6402,171.0
png_none,texture,png-e11,5,984320,598331,1.6451,131.4
png_none,texture,png-e12,5,984320,597769,1.6467,113.4
png_none,texture,png-e13,5,984320,597299,1.6480,102.0
png_none,texture,png-e14,5,984320,597020,1.6487,87.2
png_none,texture,zf-e1,5,984320,616559,1.5965,239.2
png_none,texture,zf-e10,5,984320,580286,1.6963,135.4
png_none,texture,zf-e13,5,984320,571289,1.7230,113.6
png_none,texture,zf-e14,5,984320,569152,1.7295,107.1
png_none,texture,zf-e15,5,984320,567489,1.7345,100.9
png_none,texture,zf-e17,5,984320,567010,1.7360,93.7
png_none,texture,zf-e5,5,984320,610957,1.6111,204.1
png_none,texture,zlibrs-L1,5,984320,697896,1.4104,234.3
png_none,texture,zlibrs-rle,5,984320,765163,1.2864,257.0
